"Akiyama","Jun","","AJPW","Roster"
"Akiyama","Jun","Super Nova","AJPW","Roster"
"Hansen","Stan","","AJPW","Roster"
"Jun","Akiyama","","AJPW","Roster"
"Kenta","Kobashi","","AJPW","Roster"
"Kobashi","Kenta","","AJPW","Roster"
"Kobashi","Kenta","Lightning","AJPW","Roster"
"Kobashi","Kenta","Orange Crush","AJPW","Roster"
"Misawa","Mitsuharu","","AJPW","Roster"
"Misawa","Mitsuharu","Hyper Elbow","AJPW","Roster"
"Mitsuharu","Misawa","","AJPW","Roster"
"Stan","Hansen","","AJPW","Roster"
"Stan","Hansen","Crazy Bull","AJPW","Roster"
"","Francine","","ECW","Roster"
"","Raven","","ECW","Roster"
"","Sabu","","ECW","Roster"
"","Sabu","Death Defying Maniac","ECW","Roster"
"","Saturn","","ECW","Roster"
"","Taz","","ECW","Roster"
"2 Cold","Scorpio","","ECW","Roster"
"Adams","Brian","","ECW","Roster"
"Austin","Steve","","ECW","Roster"
"Awesome","Mike","","ECW","Roster"
"Awesome","Mike","The Gladiator","ECW","Roster"
"Axl","Rotten","","ECW","Roster"
"Axl","Rotten","The Bad Breed","ECW","Roster"
"Brian","Adams","","ECW","Roster"
"Brian","Lee","","ECW","Roster"
"Brian","Lee","Primetime","ECW","Roster"
"Buh Buh Ray","Dudley","","ECW","Roster"
"Crazy","Super","","ECW","Roster"
"Credible","Justin","","ECW","Roster"
"Credible","Justin","The Impact Player","ECW","Roster"
"Douglas","Shane","","ECW","Roster"
"Dreamer","Tommy","","ECW","Roster"
"Dreamer","Tommy",""""He's Hardcore"""","ECW","Roster"
"Dreamer","Tommy","Violence Innovator","ECW","Roster"
"Dudley","Buh Buh Ray","","ECW","Roster"
"Dudley","Buh Buh Ray","Dudley Boys","ECW","Roster"
"Dudley","D-Von","","ECW","Roster"
"Dudley","D-Von","Dudley Boys","ECW","Roster"
"D-Von","Dudley","","ECW","Roster"
"D-Von","Dudley","Reverend","ECW","Roster"
"Francine","","","ECW","Roster"
"Francine","","Queen of Extreme","ECW","Roster"
"Funk","Terry","","ECW","Roster"
"Funk","Terry","Texas Bronco","ECW","Roster"
"Funk","Terry","The Texan","ECW","Roster"
"John","Kronus","","ECW","Roster"
"John","Kronus","Eliminators","ECW","Roster"
"Justin","Credible","","ECW","Roster"
"Kronus","John","","ECW","Roster"
"Lance","Storm","","ECW","Roster"
"Lee","Brian","","ECW","Roster"
"Louie","Spicolli","","ECW","Roster"
"Masato","Tanaka","","ECW","Roster"
"Mike","Awesome","","ECW","Roster"
"Mikey","Whipwreck","","ECW","Roster"
"Mikey","Whipwreck","The Miracle Kid","ECW","Roster"
"Raven","","","ECW","Roster"
"Raven","","A Martyr 4 Society","ECW","Roster"
"Richards","Stevie","","ECW","Roster"
"Richards","Stevie","Big Stevie Cool","ECW","Roster"
"Rob","Van Dam","","ECW","Roster"
"Rotten","Axl","","ECW","Roster"
"Sabu","","","ECW","Roster"
"Sandman","The","","ECW","Roster"
"Sandman","The","Drunk Uncle","ECW","Roster"
"Sandman","The","The Hardcore Icon","ECW","Roster"
"Saturn","","","ECW","Roster"
"Scorpio","2 Cold","","ECW","Roster"
"Scorpio","2 Cold","Black Wozuma","ECW","Roster"
"Shane","Douglas","","ECW","Roster"
"Shane","Douglas","The Franchise","ECW","Roster"
"Spicolli","Louie","","ECW","Roster"
"Spicolli","Louie","Madonna's Boyfriend","ECW","Roster"
"Spicolli","Louie","The Real Innovator","ECW","Roster"
"Steve","Austin","","ECW","Roster"
"Steve","Austin","Extreme Superstar","ECW","Roster"
"Stevie","Richards","","ECW","Roster"
"Storm","Lance","","ECW","Roster"
"Storm","Lance","The Perfect Storm","ECW","Roster"
"Super","Crazy","","ECW","Roster"
"Super","Crazy","The Insane Luchadore","ECW","Roster"
"Tanaka","Masato","","ECW","Roster"
"Tanaka","Masato","The Enforcer","ECW","Roster"
"Taz","","","ECW","Roster"
"Taz","","Human Suplex Machine","ECW","Roster"
"Taz","","Wrecking Machine","ECW","Roster"
"Terry","Funk","","ECW","Roster"
"Terry","Funk","Crazy Old Man","ECW","Roster"
"The","Sandman","","ECW","Roster"
"Tommy","Dreamer","","ECW","Roster"
"Van Dam","Rob","","ECW","Roster"
"Van Dam","Rob","The Whole F'N Show","ECW","Roster"
"Whipwreck","Mikey","","ECW","Roster"
"","Hayabusa","","FMW","Roster"
"a Mitsuhiro","Matsunag","","FMW","Roster"
"Atsushi","Onita","","FMW","Roster"
"Atsushi","Onita","Mr.Liar","FMW","Roster"
"Fighter","Hayabusa","","FMW","Roster"
"Hayabusa","","","FMW","Roster"
"Hayabusa","","Phoenix","FMW","Roster"
"Hayabusa","Fighter","","FMW","Roster"
"Hayabusa","Fighter","Invincible Warrior","FMW","Roster"
"Hayabusa","Fighter","The Invincible","FMW","Roster"
"Kanemura","Kintaro","","FMW","Roster"
"Kanemura","Kintaro","W*ING","FMW","Roster"
"Kintaro","Kanemura","","FMW","Roster"
"Matsunag","a Mitsuhiro","","FMW","Roster"
"Mr.","Pogo","","FMW","Roster"
"Mr.","Pogo","FMW/W*ING Legend","FMW","Roster"
"Onita","Atsushi","","FMW","Roster"
"Onita","Atsushi","Hardcore Legend","FMW","Roster"
"Pogo","Mr.","","FMW","Roster"
"Pogo","Mr.","Sickle King","FMW","Roster"
"","Homicide","","Indy","Roster"
"","MVP","","Indy","Roster"
"Adam","Cole","","Indy","Roster"
"Adam","Cole","BAYBAY","Indy","Roster"
"Alberto","El Patron","","Indy","Roster"
"Alberto","El Patron","@PrideOfMexico","Indy","Roster"
"AR","Fox","","Indy","Roster"
"AR","Fox","Dante Fox","Indy","Roster"
"Barreta","Trent","","Indy","Roster"
"Bobby","Fish","","Indy","Roster"
"Bobby","Fish","The Infamous","Indy","Roster"
"Briscoe","Jay","","Indy","Roster"
"Bryan","Daniel","","Indy","Roster"
"Cabana","Colt","","Indy","Roster"
"Callihan","Sami","","Indy","Roster"
"Candice","LeRae","","Indy","Roster"
"Castle","Dalton","","Indy","Roster"
"Chuck","Taylor","","Indy","Roster"
"Chuck","Taylor","Chuckie T","Indy","Roster"
"Chuck","Taylor TM","","Indy","Roster"
"Chuck","Taylor TM","Velvet Teddy Bear","Indy","Roster"
"Cobb","Jeff","","Indy","Roster"
"Cole","Adam","","Indy","Roster"
"Colt","Cabana","","Indy","Roster"
"Colt","Cabana","Colt","Indy","Roster"
"Corino","Steve","","Indy","Roster"
"Corino","Steve","King of Old School","Indy","Roster"
"Cottonbelly","Jervis","","Indy","Roster"
"Dalton","Castle","","Indy","Roster"
"Dalton","Castle","party peacock","Indy","Roster"
"Dalton","Castle","The Party Peacock","Indy","Roster"
"Damien","Sandow","","Indy","Roster"
"Daniel","Bryan","","Indy","Roster"
"Daniel","Bryan","The American Dragon","Indy","Roster"
"Dragon","Super","","Indy","Roster"
"Drew","Gulak","","Indy","Roster"
"Drew","Gulak","No Fly Zone","Indy","Roster"
"El","Generico","","Indy","Roster"
"El Patron","Alberto","","Indy","Roster"
"Evans","Jack","","Indy","Roster"
"Fish","Bobby","","Indy","Roster"
"Fox","AR","","Indy","Roster"
"Frankie","Kazarian","","Indy","Roster"
"Frankie","Kazarian","Heavy Metal Rebel","Indy","Roster"
"Freight","Train","","Indy","Roster"
"Freight","Train","The GOAT","Indy","Roster"
"Generico","El","","Indy","Roster"
"Grad","o","","Indy","Roster"
"Grad","o","Grado","Indy","Roster"
"Gulak","Drew","","Indy","Roster"
"Havoc","Jimmy","","Indy","Roster"
"Homicide","","","Indy","Roster"
"Jack","Evans","","Indy","Roster"
"Jack","Evans","Jack Evans","Indy","Roster"
"Jay","Briscoe","","Indy","Roster"
"Jay","Briscoe","Jay Briscoe","Indy","Roster"
"Jay","Lethal","","Indy","Roster"
"Jay","Lethal","The Franchise","Indy","Roster"
"Jeff","Cobb","","Indy","Roster"
"Jeff","Cobb","Jeff Cobb","Indy","Roster"
"Jervis","Cottonbelly","","Indy","Roster"
"Jervis","Cottonbelly","Gentleman","Indy","Roster"
"Jimmy","Havoc","","Indy","Roster"
"Jimmy","Havoc","King of the Goths","Indy","Roster"
"Joey","Ryan","","Indy","Roster"
"Joey","Ryan","King of Dong Style","Indy","Roster"
"Kazarian","Frankie","","Indy","Roster"
"Ki","Low","","Indy","Roster"
"Kyle","O'Reilly","","Indy","Roster"
"Kyle","O'Reilly","The Violent Artist","Indy","Roster"
"Lee","Trevor","","Indy","Roster"
"LeRae","Candice","","Indy","Roster"
"Lethal","Jay","","Indy","Roster"
"Lio","Rush","","Indy","Roster"
"Lio","Rush","Rush","Indy","Roster"
"Low","Ki","","Indy","Roster"
"Low","Ki","Quick Kick","Indy","Roster"
"Mack","Willie","","Indy","Roster"
"Matt","Riddle","","Indy","Roster"
"Matt","Riddle","Riddle","Indy","Roster"
"MVP","","","Indy","Roster"
"MVP","","Ballin' Superstar","Indy","Roster"
"o","Grad","","Indy","Roster"
"O'Reilly","Kyle","","Indy","Roster"
"Riddle","Matt","","Indy","Roster"
"Rush","Lio","","Indy","Roster"
"Ryan","Joey","","Indy","Roster"
"Sabre Jr.","Zack","","Indy","Roster"
"Sami","Callihan","","Indy","Roster"
"Sami","Callihan","Worldwide Desperado","Indy","Roster"
"Sami","Zayn","","Indy","Roster"
"Sami","Zayn","The Underdog","Indy","Roster"
"Sandow","Damien","","Indy","Roster"
"Sandow","Damien","Intellectual Savior","Indy","Roster"
"Silas","Young","","Indy","Roster"
"Silas","Young","Last Real Man","Indy","Roster"
"Steve","Corino","","Indy","Roster"
"Super","Dragon","","Indy","Roster"
"Taylor","Chuck","","Indy","Roster"
"Taylor TM","Chuck","","Indy","Roster"
"Train","Freight","","Indy","Roster"
"Trent","Barreta","","Indy","Roster"
"Trent","Barreta","Trent?","Indy","Roster"
"Trevor","Lee","","Indy","Roster"
"Trevor","Lee","The Technical Savage","Indy","Roster"
"Willie","Mack","","Indy","Roster"
"Willie","Mack","The Mack","Indy","Roster"
"Young","Silas","","Indy","Roster"
"Zack","Sabre Jr.","","Indy","Roster"
"Zack","Sabre Jr.","Zack Sabre Jr.","Indy","Roster"
"Zayn","Sami","","Indy","Roster"
"","Cage","","LU","Roster"
"Cage","","","LU","Roster"
"Cage","","The Machine","LU","Roster"
"Cross","Matt","","LU","Roster"
"Johnny","Mundo","","LU","Roster"
"Johnny","Mundo","Mayor of Slamtown","LU","Roster"
"Matt","Cross","","LU","Roster"
"Matt","Cross","Son Of Havoc","LU","Roster"
"Mil","Muertes","","LU","Roster"
"Mil","Muertes","Man of 1000 Deaths","LU","Roster"
"Muertes","Mil","","LU","Roster"
"Mundo","Johnny","","LU","Roster"
"Prince","Puma","","LU","Roster"
"Prince","Puma","The Future of Flight","LU","Roster"
"Puma","Prince","","LU","Roster"
"Sexy","Star","","LU","Roster"
"Sexy","Star","Sexy Star","LU","Roster"
"Star","Sexy","","LU","Roster"
"","Cody","","NJPW","BC"
"Bad","Luck Fale","","NJPW","BC"
"Bad Luck","Fale","","NJPW","BC"
"Bad Luck","Fale","The Underboss","NJPW","BC"
"Bad Luck Fale",".","The UnderBoss","NJPW","BC"
"Balor","Finn","Rock n' Rolla","NJPW","BC"
"Chase","Owens","","NJPW","BC"
"Chase","Owens","Crown Jewel","NJPW","BC"
"Cody","","","NJPW","BC"
"Cody","Rhodes","American Nightmare","NJPW","BC"
"Fale","Bad Luck","","NJPW","BC"
"Fale","Bad Luck","The Underboss","NJPW","BC"
"Fale","Bad Luck","Underboss","NJPW","BC"
"Hangman","Page","","NJPW","BC"
"Jackson","Matt","","NJPW","BC"
"Jackson","Nick","","NJPW","BC"
"Kenny","Omega","","NJPW","BC"
"Kenny","Omega","The Cleaner","NJPW","BC"
"Luck Fale","Bad","","NJPW","BC"
"Marty","Scurll","","NJPW","BC"
"Marty","Scurll","The Villain","NJPW","BC"
"Matt","Jackson","","NJPW","BC"
"Matt","Jackson","Matt","NJPW","BC"
"Matt","Jackson","Matt Jackson","NJPW","BC"
"Nick","Jackson","","NJPW","BC"
"Nick","Jackson","Nick Jackson","NJPW","BC"
"Omega","Kenny","","NJPW","BC"
"Owens","Chase","","NJPW","BC"
"Page","Hangman","","NJPW","BC"
"Roa","Tonga","","NJPW","BC"
"Scurll","Marty","","NJPW","BC"
"Tama","Tonga","","NJPW","BC"
"Tama","Tonga","Bad Boy","NJPW","BC"
"Tanga","Roa","Silverback","NJPW","BC"
"Tonga","Roa","","NJPW","BC"
"Tonga","Tama","","NJPW","BC"
"Yujiro","Takahashi","","NJPW","BC"
"","Beretta","","NJPW","Chaos"
"","Jado","","NJPW","Chaos"
"","YOSHI-HASHI","","NJPW","Chaos"
"Beretta","","","NJPW","Chaos"
"Goto","Hirooki","","NJPW","Chaos"
"Hirooki","Goto","","NJPW","Chaos"
"Hirooki","Goto","Goto","NJPW","Chaos"
"Ishii","Tomohiro","","NJPW","Chaos"
"Ishii","Tomohiro","Stone Pitbull","NJPW","Chaos"
"Jado","","","NJPW","Chaos"
"Kazuchika","Okada","","NJPW","Chaos"
"Okada","Kazuchica","Rainmaker","NJPW","Chaos"
"Okada","Kazuchika","","NJPW","Chaos"
"Okada","Kazuchika","The Rainmaker","NJPW","Chaos"
"Ospreay","Will","","NJPW","Chaos"
"Ospreay","Will","Aerial Assassin","NJPW","Chaos"
"Rocky","Romero","","NJPW","Chaos"
"Romero","Rocky","","NJPW","Chaos"
"Takahashi","Yujiro","","NJPW","Chaos"
"Tomohiro","Ishii","","NJPW","Chaos"
"Tomohiro","Ishii","Stone Pitbull","NJPW","Chaos"
"Tomohiro","Ishii","The Stone Pitbull","NJPW","Chaos"
"Toru","Yano","","NJPW","Chaos"
"Toru","Yano","Buy his DVDs.","NJPW","Chaos"
"Will","Ospreay","","NJPW","Chaos"
"Yano","Toru","","NJPW","Chaos"
"YOSHI","HASHI","","NJPW","Chaos"
"YOSHI-HASHI","","","NJPW","Chaos"
"","BUSHI","","NJPW","Ingobern"
"","EVIL","","NJPW","Ingobern"
"","Sanada","","NJPW","Ingobern"
"BUSHI","","","NJPW","Ingobern"
"BUSHI","","L.I.J","NJPW","Ingobern"
"EVIL","","","NJPW","Ingobern"
"EVIL","","King Of Darkness","NJPW","Ingobern"
"Hiromu","Takahashi","","NJPW","Ingobern"
"Sabre Jr.","Zack","","NJPW","Ingobern"
"Sanada","","","NJPW","Ingobern"
"SANADA","","Cold Skull","NJPW","Ingobern"
"Takahashi","Hiromu","","NJPW","Ingobern"
"Tetsuya","Naito","","NJPW","Ingobern"
"Tetsuya","Naito","El Ingobernable","NJPW","Ingobern"
"Chono","Masahiro","Ares","NJPW","Legacy"
"Chono","Masahiro","Black Charisma","NJPW","Legacy"
"Chono","Masahiro","NJPW Legend","NJPW","Legacy"
"Inoki","Antonio","The Legend","NJPW","Legacy"
"Masahiro","Chono","","NJPW","Legacy"
"Masahiro","Chono","Black charisma","NJPW","Legacy"
"Muta","Great","Super Black Ninja","NJPW","Legacy"
"Muta","The Great","Pearl Of The Orient","NJPW","Legacy"
"Muta","The Great","The Ninja","NJPW","Legacy"
"","Henare","","NJPW","Main"
"","YOSHITATSU","","NJPW","Main"
"Ge","do","Raintaker","NJPW","Main"
"Henare","","","NJPW","Main"
"Hirai","Kawato","","NJPW","Main"
"Hiroyoshi","Tenzan","","NJPW","Main"
"Honma","Tomoaki","","NJPW","Main"
"Jay","White","","NJPW","Main"
"Jushin","Liger","","NJPW","Main"
"Jushin","Liger","Thunder","NJPW","Main"
"Kanemitsu","Teruaki","","NJPW","Main"
"Katsuya","Kitamura","","NJPW","Main"
"Katsuyori","Shibata","","NJPW","Main"
"Kawato","Hirai","","NJPW","Main"
"Kitamura","Katsuya","","NJPW","Main"
"Kojima","Sataoshi","","NJPW","Main"
"Komatsu","Yohei","","NJPW","Main"
"Liger","Jushin","","NJPW","Main"
"Makabe","Togi","","NJPW","Main"
"Mask","Tiger","","NJPW","Main"
"Mask II","Tiger","New Tiger","NJPW","Main"
"Mask W","Tiger","","NJPW","Main"
"Nagata","Yuji","","NJPW","Main"
"Narita","Ren","","NJPW","Main"
"Oka","Tomoyuki","","NJPW","Main"
"Ren","Narita","","NJPW","Main"
"Shibata","Katsuyori","","NJPW","Main"
"Shibata","Katsuyori","The Wrestler","NJPW","Main"
"Sho","Tanaka","","NJPW","Main"
"Syota","Umino","","NJPW","Main"
"Tanaka","Sho","","NJPW","Main"
"Tenzan","Hiroyoshi","","NJPW","Main"
"Teruaki","Kanemitsu","","NJPW","Main"
"Tetsuhiro","Yagi","","NJPW","Main"
"Tiger","Mask","","NJPW","Main"
"Tiger","Mask","W","NJPW","Main"
"Tiger","Mask W","","NJPW","Main"
"Tiger Mask","W","","NJPW","Main"
"Togi","Makabe","","NJPW","Main"
"Tomoaki","Honma","","NJPW","Main"
"Tomoyuki","Oka","","NJPW","Main"
"Umino","Syota","","NJPW","Main"
"W","Tiger Mask","","NJPW","Main"
"White","Jay","","NJPW","Main"
"Yagi","Tetsuhiro","","NJPW","Main"
"Yohei","Komatsu","","NJPW","Main"
"YOSHITATSU","","","NJPW","Main"
"Yuji","Nagata","","NJPW","Main"
"Yuji","Nagata","Blue Justice","NJPW","Main"
"","Taichi","","NJPW","Suzuki"
"Archer","Lance","","NJPW","Suzuki"
"Boy Smith Jr","Davey","","NJPW","Suzuki"
"Davey","Boy Smith Jr","","NJPW","Suzuki"
"Davey Boy","Smith Jr","","NJPW","Suzuki"
"Davey Boy","Smith Jr.","","NJPW","Suzuki"
"Deserpado","El","","NJPW","Suzuki"
"El","Deserpado","","NJPW","Suzuki"
"HASHI","YOSHI","","NJPW","Suzuki"
"Iizuka","Takashi","","NJPW","Suzuki"
"Kanemaru","Yoshinobu","","NJPW","Suzuki"
"Lance","Archer","","NJPW","Suzuki"
"Michinoku","TAKA","","NJPW","Suzuki"
"Minoru","Suzuki","","NJPW","Suzuki"
"Sabre","Zack","","NJPW","Suzuki"
"Sabre Jr","Zack","","NJPW","Suzuki"
"Smith Jr","Davey Boy","","NJPW","Suzuki"
"Smith Jr.","Davey Boy","","NJPW","Suzuki"
"Suzuki","Minoru","","NJPW","Suzuki"
"Taichi","","","NJPW","Suzuki"
"TAKA","Michinoku","","NJPW","Suzuki"
"Takashi","Iizuka","","NJPW","Suzuki"
"Yoshinobu","Kanemaru","","NJPW","Suzuki"
"Zack","Sabre","","NJPW","Suzuki"
"Zack","Sabre Jr","","NJPW","Suzuki"
"Zack","Sabre Jr.","","NJPW","Suzuki"
"","Kushida","","NJPW","Taguchi"
"","Ricochet","","NJPW","Taguchi"
"David","Finlay","","NJPW","Taguchi"
"Dragon","Lee","","NJPW","Taguchi"
"Elgin","Michael","","NJPW","Taguchi"
"Elgin","Mike","Unbreakable","NJPW","Taguchi"
"Finlay","David","","NJPW","Taguchi"
"Hiroshi","Tanahashi","","NJPW","Taguchi"
"Hiroshi","Tanahashi","New Japan Ace","NJPW","Taguchi"
"Juice","Robinson","","NJPW","Taguchi"
"Juice","Robinson",".","NJPW","Taguchi"
"King","Ricochet","","NJPW","Taguchi"
"Kushida","","","NJPW","Taguchi"
"KUSHIDA","","Time Splitter","NJPW","Taguchi"
"Lee","Dragon","","NJPW","Taguchi"
"Manabu","Nakanishi","","NJPW","Taguchi"
"Michael","Elgin","","NJPW","Taguchi"
"Michael","Elgin","Big Mike","NJPW","Taguchi"
"Naito","Tetsuya","","NJPW","Taguchi"
"Nakanishi","Manabu","","NJPW","Taguchi"
"Ricochet","","","NJPW","Taguchi"
"Ricochet","","The Future of Flight","NJPW","Taguchi"
"Robinson","Juice","","NJPW","Taguchi"
"Ryusuke","Taguchi","","NJPW","Taguchi"
"Sataoshi","Kojima","","NJPW","Taguchi"
"Taguchi","Ryusuke","","NJPW","Taguchi"
"Tanahashi","Hiroshi","","NJPW","Taguchi"
"","Abyss","","TNA","Roster"
".","Bram","","TNA","Roster"
"Abyss","","","TNA","Roster"
"Abyss","","The Monster","TNA","Roster"
"Andrew","Everett","","TNA","Roster"
"Andrew","Everett","The Apex of Agility","TNA","Roster"
"Bobby","Lashley","","TNA","Roster"
"Bobby","Lashley","The Destroyer","TNA","Roster"
"Bram",".","","TNA","Roster"
"Carter","Ethan","","TNA","Roster"
"Christopher","Daniels","","TNA","Roster"
"Daniels","Christopher","","TNA","Roster"
"Daniels","Christopher","Fallen Angel","TNA","Roster"
"Drake","Eli","","TNA","Roster"
"Drew","McIntyre","","TNA","Roster"
"Drew","McIntyre","McIntyre","TNA","Roster"
"Eli","Drake","","TNA","Roster"
"Ethan","Carter","","TNA","Roster"
"Ethan","Carter","EC3","TNA","Roster"
"Everett","Andrew","","TNA","Roster"
"Hardy","Jeff","","TNA","Roster"
"Hardy","Matt","","TNA","Roster"
"James","Storm","","TNA","Roster"
"James","Storm","Tennessee Cowboy","TNA","Roster"
"Jeff","Hardy","","TNA","Roster"
"Jeff","Hardy","Brother Nero","TNA","Roster"
"Lashley","Bobby","","TNA","Roster"
"Matt","Hardy","","TNA","Roster"
"Matt","Hardy","Broken","TNA","Roster"
"Matt","Hardy","The Broken One","TNA","Roster"
"McIntyre","Drew","","TNA","Roster"
"Ortiz","Tito","","TNA","Roster"
"Storm","James","","TNA","Roster"
"Tito","Ortiz","","TNA","Roster"
"Tito","Ortiz","The People's Champ","TNA","Roster"
"","Glacier","","WCW","Roster"
"Gla","cier","","WCW","Roster"
"cier","Gla","","WCW","Roster"
"","Goldberg","","WCW","Roster"
"","Kanyon","","WCW","Roster"
"","Kidman","","WCW","Roster"
"","Konnan","","WCW","Roster"
"","Lodi","","WCW","Roster"
"","Meng","","WCW","Roster"
"","Raven","","WCW","Roster"
"","Sting","","WCW","Roster"
"","Syxx","","WCW","Roster"
"","Virgil","","WCW","Roster"
""""Sting"""","nWo","","WCW","Roster"
".","La Parka","","WCW","Roster"
"Adams","Chris","","WCW","Roster"
"Alex","Wright","","WCW","Roster"
"Anderson","Arn","","WCW","Roster"
"Arn","Anderson","","WCW","Roster"
"Arn","Anderson","The Enforcer","WCW","Roster"
"Bagwell","Buff","","WCW","Roster"
"Benoit","Chris","","WCW","Roster"
"berg","Gold","","WCW","Roster"
"Big Van","Vader","","WCW","Roster"
"Big Van","Vader","Vader","WCW","Roster"
"Bill","Goldberg","","WCW","Roster"
"Bill","Goldberg","Goldberg","WCW","Roster"
"Bischoff","Eric","","WCW","Roster"
"Booker","T","","WCW","Roster"
"Booker","T","Harlem Heat","WCW","Roster"
"Buff","Bagwell","","WCW","Roster"
"Chavo","Guerrero Jr.","","WCW","Roster"
"Chris","Adams","","WCW","Roster"
"Chris","Adams","Gentleman","WCW","Roster"
"Chris","Benoit","","WCW","Roster"
"Chris","Benoit","The Crippler","WCW","Roster"
"Chris","Jericho","","WCW","Roster"
"Chris","Jericho","The Lionheart","WCW","Roster"
"Dallas Page","Diamond","","WCW","Roster"
"Dean","Malenko","","WCW","Roster"
"Dean","Malenko","The Iceman","WCW","Roster"
"Diamond","Dallas Page","","WCW","Roster"
"Diamond","Dallas Page","DDP","WCW","Roster"
"Disco","Inferno","","WCW","Roster"
"Disco","Inferno",".","WCW","Roster"
"Dragon","Ultimo","","WCW","Roster"
"Eric","Bischoff","","WCW","Roster"
"Ernest","Miller","","WCW","Roster"
"Ernest","Miller","The Cat","WCW","Roster"
"Fifita","Tonga","","WCW","Roster"
"Flair","Ric","","WCW","Roster"
"Giant","The","","WCW","Roster"
"Glacier","","","WCW","Roster"
"Glacier","","Cold as Ice","WCW","Roster"
"Gold","berg","","WCW","Roster"
"Gold","berg","WCW Legend","WCW","Roster"
"Goldberg","","","WCW","Roster"
"Goldberg","Bill","","WCW","Roster"
"Guerrera","Juventud","","WCW","Roster"
"Guerrero Jr.","Chavo","","WCW","Roster"
"Hall","Scott","","WCW","Roster"
"Hogan","Hollywood","","WCW","Roster"
"Hollywood","Hogan","","WCW","Roster"
"Hugh","Morrus","","WCW","Roster"
"Inferno","Disco","","WCW","Roster"
"Jericho","Chris","","WCW","Roster"
"Juventud","Guerrera","","WCW","Roster"
"Kanyon","","","WCW","Roster"
"Kevin","Nash","","WCW","Roster"
"Kidman","","","WCW","Roster"
"Konnan","","","WCW","Roster"
"La","Parka","","WCW","Roster"
"La Parka",".","","WCW","Roster"
"La Parka",".","The Thriller","WCW","Roster"
"Lex","Luger","","WCW","Roster"
"Lex","Luger","Luger","WCW","Roster"
"Lex","Luger","The Total Package","WCW","Roster"
"Lodi","","","WCW","Roster"
"Luger","Lex","","WCW","Roster"
"Malenko","Dean","","WCW","Roster"
"McMichael","Steve","","WCW","Roster"
"Meng","","","WCW","Roster"
"Miller","Ernest","","WCW","Roster"
"Morrus","Hugh","","WCW","Roster"
"Nash","Kevin","","WCW","Roster"
"Nash","Kevin","Big Sexy","WCW","Roster"
"Norman","Smiley","","WCW","Roster"
"Norman","Smiley","Screamin'","WCW","Roster"
"Norton","Scott","","WCW","Roster"
"nWo",""""Sting"""","","WCW","Roster"
"Parka","La","","WCW","Roster"
"Psycho","sis","","WCW","Roster"
"Raven","","","WCW","Roster"
"Ray","Stevie","","WCW","Roster"
"Ray","Traylor","","WCW","Roster"
"Ray","Traylor","Big Boss Man","WCW","Roster"
"Ric","Flair","","WCW","Roster"
"Ric","Flair","Nature Boy","WCW","Roster"
"Rick","Steiner","","WCW","Roster"
"Rick","Steiner","Dog Faced Gremlin","WCW","Roster"
"Russo","Vince","","WCW","Roster"
"Scott","Hall","","WCW","Roster"
"SCOTT","HALL","The Bad Guy","WCW","Roster"
"Scott","Norton","","WCW","Roster"
"Scott","Norton","Flash","WCW","Roster"
"Scott","Steiner","","WCW","Roster"
"Scott","Steiner","Big Poppa Pump","WCW","Roster"
"Scott","Steiner","Genetic Freak","WCW","Roster"
"Sid","Vicious","","WCW","Roster"
"Sid","Vicious","Sid","WCW","Roster"
"Sid","Vicious","Sycho","WCW","Roster"
"sis","Psycho","","WCW","Roster"
"Smiley","Norman","","WCW","Roster"
"Steiner","Rick","","WCW","Roster"
"Steiner","Scott","","WCW","Roster"
"Steve","McMichael","","WCW","Roster"
"Steve","McMichael","Mongo","WCW","Roster"
"Stevie","Ray","","WCW","Roster"
"Sting","","","WCW","Roster"
"Sting","","The Icon","WCW","Roster"
"Syxx","","","WCW","Roster"
"T","Booker","","WCW","Roster"
"The","Giant","","WCW","Roster"
"Tonga","Fifita","","WCW","Roster"
"Tonga","Fifita","Haku","WCW","Roster"
"Traylor","Ray","","WCW","Roster"
"Ultimo","Dragon","","WCW","Roster"
"Ultimo","Dragon","Shining Dragon","WCW","Roster"
"Vader","Big Van","","WCW","Roster"
"Vicious","Sid","","WCW","Roster"
"Vince","Russo","","WCW","Roster"
"Vince","Russo","Vince Russo","WCW","Roster"
"Virgil","","","WCW","Roster"
"Wright","Alex","","WCW","Roster"
"Adrian","Neville","","WWE","205"
"Adrian","Neville","Cruiserweight King","WWE","205"
"Akira","Tozawa","","WWE","205"
"Akira","Tozawa","Akira Tozawa","WWE","205"
"Akira","Tozawa","Tozawa","WWE","205"
"Alexander","Cedric","","WWE","205"
"Aries","Austin","","WWE","205"
"Aries","Austin","The Greatest Man","WWE","205"
"Austin","Aries","","WWE","205"
"Brian","Kendrick","","WWE","205"
"Brian","Kendrick","The New Uglee","WWE","205"
"Cedric","Alexander","","WWE","205"
"Cedric","Alexander","Cedric Alexander","WWE","205"
"Dar","Noam","","WWE","205"
"Gran","Metalik","","WWE","205"
"Kendrick","Brian","","WWE","205"
"Metalik","Gran","","WWE","205"
"Neville","Adrian","","WWE","205"
"Noam","Dar","","WWE","205"
"Noam","Dar","Scottish Supernova","WWE","205"
"Perkins","T.J.","","WWE","205"
"Perkins","TJ","","WWE","205"
"Rich","Swann","","WWE","205"
"Rich","Swann","Outlandish","WWE","205"
"Swann","Rich","","WWE","205"
"T.J.","Perkins","","WWE","205"
"TJ","Perkins","","WWE","205"
"TJ","Perkins","The Fil-Am Flash","WWE","205"
"Tozawa","Akira","","WWE","205"
"","Ax","","WWE","Legacy"
"","Edge","","WWE","Legacy"
"","Gangrel","","WWE","Legacy"
"","Kamala","","WWE","Legacy"
"","Nailz","","WWE","Legacy"
"","X Pac","","WWE","Legacy"
"","Yokozuna","","WWE","Legacy"
"","Zeus","","WWE","Legacy"
"2 Cold","Scorpio","","WWE","Legacy"
"Adam","Bomb","","WWE","Legacy"
"Andre","The Giant","","WWE","Legacy"
"Andre","The Giant","8th Wonder","WWE","Legacy"
"Andrew","Martin","","WWE","Legacy"
"Animal","Road Warrior","","WWE","Legacy"
"Ax","","","WWE","Legacy"
"Ax","","Demolition","WWE","Legacy"
"Bam Bam","Bigelow","","WWE","Legacy"
"Bam Bam","Bigelow","Beast From The East","WWE","Legacy"
"Barbarian","The","","WWE","Legacy"
"Bean","Butter","","WWE","Legacy"
"Beefcake","Brutus","","WWE","Legacy"
"Beefcake","Brutus","The Barber","WWE","Legacy"
"Big","Boss Man","","WWE","Legacy"
"Bigelow","Bam Bam","","WWE","Legacy"
"Billy","Gunn","","WWE","Legacy"
"Billy","Gunn","Bad Ass","WWE","Legacy"
"Bobby","Heenan","","WWE","Legacy"
"Bobby","Heenan","The Brain","WWE","Legacy"
"Bomb","Adam","","WWE","Legacy"
"Booker","T","","WWE","Legacy"
"Booker","T","Booker T","WWE","Legacy"
"Boss Man","Big","","WWE","Legacy"
"Boy Smith Jr","Davey","","WWE","Legacy"
"Bravo","Dino","","WWE","Legacy"
"Bravo","Dino","Canada's Strongest","WWE","Legacy"
"Bret","Hart","","WWE","Legacy"
"Bret","Hart","Hitman","WWE","Legacy"
"Bret","Hart","The Hitman","WWE","Legacy"
"British","Bulldog","","WWE","Legacy"
"British","Bulldog","Davey Boy Smith","WWE","Legacy"
"Brody","Bruiser","","WWE","Legacy"
"Brody","Bruiser","Intelligent Monster","WWE","Legacy"
"Bruiser","Brody","","WWE","Legacy"
"Bruiser","Brody","KingKong","WWE","Legacy"
"Bruiser","Brody","The Bruiser","WWE","Legacy"
"Brutus","Beefcake","","WWE","Legacy"
"Brutus","Beefcake","The Barber","WWE","Legacy"
"Bull","Nakano","","WWE","Legacy"
"Bull","Nakano","The Empress","WWE","Legacy"
"Bulldog","British","","WWE","Legacy"
"Bundy","King Kong","","WWE","Legacy"
"Bundy","King Kong","King Kong Bundy","WWE","Legacy"
"Butter","Bean","","WWE","Legacy"
"Butter","Bean","Butterbean","WWE","Legacy"
"CM","Punk","","WWE","Legacy"
"Coach","the Coach","","WWE","Legacy"
"Coach","the Coach","Coach","WWE","Legacy"
"Curt","Hennig","","WWE","Legacy"
"Curt","Hennig","Mr. Perfect","WWE","Legacy"
"Davey","Boy Smith Jr","","WWE","Legacy"
"Davey","Boy Smith Jr","Bulldog II","WWE","Legacy"
"Davey Boy","Smith","","WWE","Legacy"
"DaveyBoy","Smith","","WWE","Legacy"
"DaveyBoy","Smith","The British Bulldog","WWE","Legacy"
"Dibiase","Ted","","WWE","Legacy"
"Dino","Bravo","","WWE","Legacy"
"Dogg","Road","","WWE","Legacy"
"Doink","the Clown","","WWE","Legacy"
"Doink","the Clown","Doink","WWE","Legacy"
"Don","Muraco","","WWE","Legacy"
"Don","Muraco","Don The Rock Muraco","WWE","Legacy"
"Duggan","Jim","","WWE","Legacy"
"Eddie","Guerrero","","WWE","Legacy"
"Eddie","Guerrero","Latino Heat","WWE","Legacy"
"Edge","","","WWE","Legacy"
"Edge","","Rated-R Superstar","WWE","Legacy"
"Finlay","Fit","","WWE","Legacy"
"Fit","Finlay","","WWE","Legacy"
"Gangrel","","","WWE","Legacy"
"Godfather","The","","WWE","Legacy"
"Greg","Valentine","","WWE","Legacy"
"Greg","Valentine","The Hammer","WWE","Legacy"
"Guerrero","Eddie","","WWE","Legacy"
"Gunn","Billy","","WWE","Legacy"
"Harley","Race","","WWE","Legacy"
"Harley","Race","Handsome","WWE","Legacy"
"Hart","Bret","","WWE","Legacy"
"Hart","Owen","","WWE","Legacy"
"Heenan","Bobby","","WWE","Legacy"
"Hennig","Curt","","WWE","Legacy"
"Hogan","Hulk","","WWE","Legacy"
"Hogan","Hulk","The Immortal","WWE","Legacy"
"Honky Tonk","Man","","WWE","Legacy"
"Hulk","Hogan","","WWE","Legacy"
"i","Rikish","","WWE","Legacy"
"Irwin R.","Schyster","","WWE","Legacy"
"Irwin R.","Schyster","I.R.S.","WWE","Legacy"
"Jake","Roberts","","WWE","Legacy"
"Jake","Roberts","The Snake","WWE","Legacy"
"Jarrett","Jeff","","WWE","Legacy"
"Jeff","Jarrett","","WWE","Legacy"
"Jeff","Jarrett",""""Double J"""","WWE","Legacy"
"Jeff","Jarrett","Double J","WWE","Legacy"
"Jesse","Ventura","","WWE","Legacy"
"Jesse","Ventura","The Body","WWE","Legacy"
"Jim","Duggan","","WWE","Legacy"
"Jim","Duggan","Hacksaw","WWE","Legacy"
"Jim","Neidhart","","WWE","Legacy"
"Jim","Neidhart","The Anvil","WWE","Legacy"
"John","Studd","","WWE","Legacy"
"John","Studd","Big","WWE","Legacy"
"John","Tenta","","WWE","Legacy"
"John","Tenta","Earthquake","WWE","Legacy"
"Kamala","","","WWE","Legacy"
"Kamala","","The Ugandan Giant","WWE","Legacy"
"King Kong","Bundy","","WWE","Legacy"
"Man","Honky Tonk","","WWE","Legacy"
"Man","Honky Tonk","Longest Reigning","WWE","Legacy"
"Man","Repo","","WWE","Legacy"
"Marella","Santino","","WWE","Legacy"
"Martel","Rick","","WWE","Legacy"
"Martin","Andrew","","WWE","Legacy"
"Martin","Andrew","Test","WWE","Legacy"
"Michaels","Shawn","","WWE","Legacy"
"Mountie","The","","WWE","Legacy"
"Muraco","Don","","WWE","Legacy"
"Mysterio","Rey","","WWE","Legacy"
"Mysterio Jr.","Rey","","WWE","Legacy"
"Nailz","","","WWE","Legacy"
"Nailz","","The Convict","WWE","Legacy"
"Nakano","Bull","","WWE","Legacy"
"Neidhart","Jim","","WWE","Legacy"
"Owen","Hart","","WWE","Legacy"
"Owen","Hart","Blue Blazer","WWE","Legacy"
"Papa","Shango","","WWE","Legacy"
"Papa","Shango","Voodoo Practitioner","WWE","Legacy"
"Piper","Roddy","","WWE","Legacy"
"Piper","Rowdy Roddy","","WWE","Legacy"
"Punk","CM","","WWE","Legacy"
"Punk","CM","Best in the World","WWE","Legacy"
"Race","Harley","","WWE","Legacy"
"Randy","Savage","","WWE","Legacy"
"Randy","Savage","Macho Man","WWE","Legacy"
"Randy","Savage","MachoMan","WWE","Legacy"
"Repo","Man","","WWE","Legacy"
"Rey","Mysterio","","WWE","Legacy"
"Rey","Mysterio","Ultimate Underdog","WWE","Legacy"
"Rey","Mysterio Jr.","","WWE","Legacy"
"Rey","Mysterio Jr.","The Giant Killer","WWE","Legacy"
"Rick","Martel","","WWE","Legacy"
"Rick","Martel","The Model","WWE","Legacy"
"Rick","Rude","","WWE","Legacy"
"Rick","Rude","Ravishing","WWE","Legacy"
"Ricky","Steamboat","","WWE","Legacy"
"Ricky","Steamboat","The Dragon","WWE","Legacy"
"Rikish","i","","WWE","Legacy"
"Rikish","i","Rikishi","WWE","Legacy"
"Road","Dogg","","WWE","Legacy"
"Road","Dogg","Road Dogg","WWE","Legacy"
"Road Warrior","Animal","","WWE","Legacy"
"Roberts","Jake","","WWE","Legacy"
"Roddy","Piper","","WWE","Legacy"
"Roddy","Piper","Hot Rod","WWE","Legacy"
"Roddy","Piper","Rowdy","WWE","Legacy"
"Rowdy Roddy","Piper","","WWE","Legacy"
"Rude","Rick","","WWE","Legacy"
"Santana","Tito","","WWE","Legacy"
"Santino","Marella","","WWE","Legacy"
"Santino","Marella","The Milan Miracle","WWE","Legacy"
"Savage","Randy","","WWE","Legacy"
"Schyster","Irwin R.","","WWE","Legacy"
"Scorpio","2 Cold","","WWE","Legacy"
"Sgt","Slaughter","","WWE","Legacy"
"Sgt","Slaughter","v3","WWE","Legacy"
"Shango","Papa","","WWE","Legacy"
"Shawn","Michaels","","WWE","Legacy"
"Shawn","Michaels","Michaels","WWE","Legacy"
"Slaughter","Sgt","","WWE","Legacy"
"Smith","Davey Boy","","WWE","Legacy"
"Smith","Davey Boy","British Bulldog","WWE","Legacy"
"Smith","DaveyBoy","","WWE","Legacy"
"Steamboat","Ricky","","WWE","Legacy"
"Studd","John","","WWE","Legacy"
"T","Booker","","WWE","Legacy"
"Ted","Dibiase","","WWE","Legacy"
"Ted","Dibiase","Million Dollar Man","WWE","Legacy"
"Tenta","John","","WWE","Legacy"
"The","Barbarian","","WWE","Legacy"
"The","Godfather","","WWE","Legacy"
"The","Godfather","Godfather","WWE","Legacy"
"The","Mountie","","WWE","Legacy"
"The","Mountie","From Canada","WWE","Legacy"
"the Clown","Doink","","WWE","Legacy"
"the Coach","Coach","","WWE","Legacy"
"The Giant","Andre","","WWE","Legacy"
"Tito","Santana","","WWE","Legacy"
"Tito","Santana","El Matador","WWE","Legacy"
"Ultimate","Warrior","","WWE","Legacy"
"Ultimate","Warrior","Ultimate Warrior","WWE","Legacy"
"Valentine","Greg","","WWE","Legacy"
"Ventura","Jesse","","WWE","Legacy"
"Warrior","Ultimate","","WWE","Legacy"
"X Pac","","","WWE","Legacy"
"X Pac","","X Factor","WWE","Legacy"
"Yoko","Zuna","","WWE","Legacy"
"Yoko","Zuna","From Japan","WWE","Legacy"
"Yokozuna","","","WWE","Legacy"
"Yokozuna","","Yokozuna","WWE","Legacy"
"Zeus","","","WWE","Legacy"
"Zeus","","HumanWreckingMachine","WWE","Legacy"
"Zeus","","Zeus","WWE","Legacy"
"Zuna","Yoko","","WWE","Legacy"
"","Batista","","WWE","Modern"
"","Big E","","WWE","Modern"
"","Brock","","WWE","Modern"
"","Cesaro","","WWE","Modern"
"","Cesaro","The Swiss Superman","WWE","Modern"
"","Edge","","WWE","Modern"
"","Fandango","","WWE","Modern"
"","Goldust","","WWE","Modern"
"","Kalisto","","WWE","Modern"
"","Kane","","WWE","Modern"
"","Konnor","","WWE","Modern"
"","Neville","","WWE","Modern"
"","Neville","King Of Cruiserweigh","WWE","Modern"
"","Rhyno","","WWE","Modern"
"","Sheamus","","WWE","Modern"
"","The Miz","","WWE","Modern"
"","Triple H","","WWE","Modern"
".","Goldust","","WWE","Modern"
"A.J.","Styles","","WWE","Modern"
"Aiden","English","","WWE","Modern"
"Aiden","English","The Artiste","WWE","Modern"
"Alexander","Rusev","","WWE","Modern"
"Ambrose","Dean","","WWE","Modern"
"Ambrose","Dean","The Lunatic Fringe","WWE","Modern"
"Amore","Enzo","","WWE","Modern"
"Angle","Kurt","","WWE","Modern"
"Apollo","Crews","","WWE","Modern"
"Apollo","Crews","One Man Nation","WWE","Modern"
"Austin","Steve","","WWE","Modern"
"Austin","Steve","Stone Cold","WWE","Modern"
"Axel","Curtis","","WWE","Modern"
"Bálor","Finn","","WWE","Modern"
"Bálor","Finn","The Demon King","WWE","Modern"
"Balor","Finn","","WWE","Modern"
"Balor","Finn","The Demon","WWE","Modern"
"Balor","Finn","The Demon King","WWE","Modern"
"Baron","Corbin","","WWE","Modern"
"Baron","Corbin","the lone wolf","WWE","Modern"
"Batista","","","WWE","Modern"
"Batista","","The Animal","WWE","Modern"
"Benjamin","Shelton","","WWE","Modern"
"Benoit","Chris","","WWE","Modern"
"Big","Cass","","WWE","Modern"
"Big","E","","WWE","Modern"
"Big","Show","","WWE","Modern"
"Big E","","","WWE","Modern"
"Bo","Dallas","","WWE","Modern"
"Bo","Dallas","Bo Dallas","WWE","Modern"
"Bo","Dallas","The Inspirational","WWE","Modern"
"Booker","T","","WWE","Modern"
"Booker","T","King","WWE","Modern"
"Braun","Strowman","","WWE","Modern"
"Braun","Strowman","Braun Strowman","WWE","Modern"
"Braun","Strowman","Mansquatch","WWE","Modern"
"Braun","Strowman","Monster Among Men","WWE","Modern"
"Bray","Wyatt","","WWE","Modern"
"Bray","Wyatt","Eater Of Worlds","WWE","Modern"
"Breeze","Tyler","","WWE","Modern"
"Bret","Hart","","WWE","Modern"
"Bret","Hart","Hitman","WWE","Modern"
"Bret","Hart","The Hitman","WWE","Modern"
"Brock","","","WWE","Modern"
"Brock","Lesnar","","WWE","Modern"
"Brock","Lesnar","The Beast","WWE","Modern"
"Bryan","Daniel","","WWE","Modern"
"Bryan","Daniel","YES! YES! YES!","WWE","Modern"
"Bubba","Ray Dudley","","WWE","Modern"
"Cara","Sin","","WWE","Modern"
"Carlito","Colon","","WWE","Modern"
"Carlito","Colon","Carlito","WWE","Modern"
"Cass","Big","","WWE","Modern"
"Cass","Big","Queens Finest","WWE","Modern"
"Cass","Big","Where the Money Is","WWE","Modern"
"Cena","John","","WWE","Modern"
"Cena","John","The Champ","WWE","Modern"
"Cesaro","","","WWE","Modern"
"Cesaro","","The Swiss Cyborg","WWE","Modern"
"Chad","Gable","","WWE","Modern"
"Chad","Gable","American Alpha","WWE","Modern"
"Chad","Gable","Gable","WWE","Modern"
"Chris","Benoit","","WWE","Modern"
"Chris","Benoit","Chris Benoit","WWE","Modern"
"Chris","Jericho","","WWE","Modern"
"Chris","Jericho","Y2J","WWE","Modern"
"Chris","Kanyon","","WWE","Modern"
"Chris","Kanyon","Alliance MVP","WWE","Modern"
"Chris","Notwinski","","WWE","Modern"
"Chris","Notwinski","Harvard Graduate","WWE","Modern"
"Cody","Rhodes","","WWE","Modern"
"Cody","Rhodes","Cody Rhodes","WWE","Modern"
"Colon","Carlito","","WWE","Modern"
"Colon","Epico","","WWE","Modern"
"Colon","Primo","","WWE","Modern"
"Corbin","Baron","","WWE","Modern"
"Crash","Holly","","WWE","Modern"
"Crash","Holly","Crash","WWE","Modern"
"Crews","Apollo","","WWE","Modern"
"Curt","Hawkins","","WWE","Modern"
"Curt","Hawkins","Hawkins","WWE","Modern"
"Curtis","Axel","","WWE","Modern"
"Curtis","Axel","Curtis Axel","WWE","Modern"
"Curtis","Axel","The Axe Man","WWE","Modern"
"Dallas","Bo","","WWE","Modern"
"Daniel","Bryan","","WWE","Modern"
"Dash","Wilder","","WWE","Modern"
"Dash","Wilder","The Revival","WWE","Modern"
"Dawson","Scott","","WWE","Modern"
"Dawson","Scott","The Mechanic","WWE","Modern"
"Dean","Ambrose","","WWE","Modern"
"Dean","Ambrose","The Kingpin","WWE","Modern"
"Dean","Ambrose","The Lunatic Fringe","WWE","Modern"
"Dillinger","Tye","","WWE","Modern"
"Dolph","Ziggler","","WWE","Modern"
"Dolph","Ziggler","The Showoff","WWE","Modern"
"Dust","Gold","","WWE","Modern"
"E","Big","","WWE","Modern"
"E","Big","The New Day","WWE","Modern"
"Eddie","Guerrero","","WWE","Modern"
"Edge","","","WWE","Modern"
"Edge","","Rated R Superstar","WWE","Modern"
"Edie","Guerrero","","WWE","Modern"
"Edie","Guerrero","Latino Heat","WWE","Modern"
"Elias","Samson","","WWE","Modern"
"Elias","Samson","The Drifter","WWE","Modern"
"Ellsworth","James","","WWE","Modern"
"English","Aiden","","WWE","Modern"
"Enzo","Amore","","WWE","Modern"
"Enzo","Amore","Enzo Amore","WWE","Modern"
"Enzo","Amore","SmackTalkerSkywalker","WWE","Modern"
"Epico","Colon","","WWE","Modern"
"Erick","Rowan","","WWE","Modern"
"Erick","Rowan","Big Red","WWE","Modern"
"Fandango","","","WWE","Modern"
"Fandango","","Fashion Police","WWE","Modern"
"Fandango","","The Ballroom Brawler","WWE","Modern"
"Finn","Bálor","","WWE","Modern"
"Finn","Balor","","WWE","Modern"
"Finn","Balor","Demon","WWE","Modern"
"Foley","Mick","","WWE","Modern"
"Foley","Mick","Cactus Jack","WWE","Modern"
"Gable","Chad","","WWE","Modern"
"Gallows","Luke","","WWE","Modern"
"Gold","Dust","","WWE","Modern"
"Gold","Dust","Goldust","WWE","Modern"
"Goldust","","","WWE","Modern"
"Goldust","","The Bizarre One","WWE","Modern"
"Goldust",".","","WWE","Modern"
"Goldust",".","The Bizaare One","WWE","Modern"
"Guerrero","Eddie","","WWE","Modern"
"Guerrero","Edie","","WWE","Modern"
"Hardy","Jeff","","WWE","Modern"
"Hardy","Matt","","WWE","Modern"
"Hardy","Matt","Broken","WWE","Modern"
"Harper","Luke","","WWE","Modern"
"Hart","Bret","","WWE","Modern"
"Hawkins","Curt","","WWE","Modern"
"Heath","Slater","","WWE","Modern"
"Heath","Slater","One Man Band","WWE","Modern"
"Henry","Mark","","WWE","Modern"
"Heyman","Paul","","WWE","Modern"
"Holly","Crash","","WWE","Modern"
"James","Ellsworth","","WWE","Modern"
"James","Ellsworth","Big Hog","WWE","Modern"
"Jason","Jordan","","WWE","Modern"
"Jason","Jordan","American Alpha","WWE","Modern"
"Jeff","Hardy","","WWE","Modern"
"Jeff","Hardy","Charismatic Enigma","WWE","Modern"
"Jericho","Chris","","WWE","Modern"
"Jericho","Chris","Y2J","WWE","Modern"
"Jey","Uso","","WWE","Modern"
"Jey","Uso","Uce","WWE","Modern"
"Jimmy","Uso","","WWE","Modern"
"Jimmy","Uso","Uce","WWE","Modern"
"Jinder","Mahal","","WWE","Modern"
"Jinder","Mahal","Mararaja","WWE","Modern"
"Jinder","Mahal","The Maharaja","WWE","Modern"
"Joe","Samoa","","WWE","Modern"
"Joe","Samoa","The Destroyer","WWE","Modern"
"John","Cena","","WWE","Modern"
"John","Cena","Cena","WWE","Modern"
"Jordan","Jason","","WWE","Modern"
"Kalisto","","","WWE","Modern"
"Kalisto","","The King of Flight","WWE","Modern"
"Kane","","","WWE","Modern"
"Kane","","Big Red Machine","WWE","Modern"
"Kane","","Demon","WWE","Modern"
"Kane","","Kane","WWE","Modern"
"Kane","","The Big Red Machine","WWE","Modern"
"Kanyon","Chris","","WWE","Modern"
"Kevin","Owens","","WWE","Modern"
"Kingston","Kofi","","WWE","Modern"
"Kofi","Kingston","","WWE","Modern"
"Kofi","Kingston","The New Day","WWE","Modern"
"Konnor","","","WWE","Modern"
"Kurt","Angle","","WWE","Modern"
"Kurt","Angle","Angle","WWE","Modern"
"Lesnar","Brock","","WWE","Modern"
"Lesnar","Brock","The Beast","WWE","Modern"
"Lesnar","Brock","The Beast Incarnate","WWE","Modern"
"Luke","Gallows","","WWE","Modern"
"Luke","Harper","","WWE","Modern"
"Luke","Harper","Backwoods Brawler","WWE","Modern"
"Luke","Harper","Luke Harper","WWE","Modern"
"Mahal","Jinder","","WWE","Modern"
"Mahal","Jinder","The Maharaja","WWE","Modern"
"Maivia","Rocky","","WWE","Modern"
"Mark","Henry","","WWE","Modern"
"Mark","Henry","Worlds Strongest Man","WWE","Modern"
"Matt","Hardy","","WWE","Modern"
"McMahon","Shane","","WWE","Modern"
"McMahon","Vince","","WWE","Modern"
"Michaels","Shawn","","WWE","Modern"
"Mick","Foley","","WWE","Modern"
"Mojo","Rawley","","WWE","Modern"
"Mojo","Rawley","Hype Bro","WWE","Modern"
"Nakamura","Shinsuke","","WWE","Modern"
"Nakamura","Shinsuke","King of Strong Style","WWE","Modern"
"Neville","","","WWE","Modern"
"Notwinski","Chris","","WWE","Modern"
"O'Neil","Titus","","WWE","Modern"
"Orton","Randy","","WWE","Modern"
"Owens","Kevin","","WWE","Modern"
"Owens","Kevin","The Prizefighter","WWE","Modern"
"Paul","Heyman","","WWE","Modern"
"Paul","Heyman","The Advocate","WWE","Modern"
"Primo","Colon","","WWE","Modern"
"R-","Truth","","WWE","Modern"
"Randy","Orton","","WWE","Modern"
"Randy","Orton","The Apex Predator","WWE","Modern"
"Rawley","Mojo","","WWE","Modern"
"Ray Dudley","Bubba","","WWE","Modern"
"Reigns","Roman","","WWE","Modern"
"Rhodes","Cody","","WWE","Modern"
"Rhyno","","","WWE","Modern"
"Rhyno","","Rhyno","WWE","Modern"
"Rocky","Maivia","","WWE","Modern"
"Rocky","Maivia","The Rock","WWE","Modern"
"Rollins","Seth","","WWE","Modern"
"Rollins","Seth","The Kingslayer","WWE","Modern"
"Roman","Reigns","","WWE","Modern"
"Roman","Reigns","The Big Dog","WWE","Modern"
"Rowan","Erick","","WWE","Modern"
"Ruse","v","","WWE","Modern"
"Ruse","v","The Bulgarian Brute","WWE","Modern"
"Rusev","Alexander","","WWE","Modern"
"Rusev","Alexander","The Bulgarian Brute","WWE","Modern"
"Rusev","","The Bulgarian Brute","WWE","Modern"
"","Rusev","The Bulgarian Brute","WWE","Modern"
"Ryder","Zack","","WWE","Modern"
"Sami","Zayn","","WWE","Modern"
"Sami","Zayn","Sami Zayn","WWE","Modern"
"Samoa","Joe","","WWE","Modern"
"Samoa","Joe","Destoryer","WWE","Modern"
"Samoa","Joe","The Destroyer","WWE","Modern"
"Samson","Elias","","WWE","Modern"
"Scott","Dawson","","WWE","Modern"
"Seth","Rollins","","WWE","Modern"
"Seth","Rollins","King Slayer","WWE","Modern"
"Shane","McMahon","","WWE","Modern"
"Shane","McMahon","Shane McMahon","WWE","Modern"
"Shane","McMahon","Shane O'Mac","WWE","Modern"
"Shawn","Michaels","","WWE","Modern"
"Shawn","Michaels","Heartbreak Kid","WWE","Modern"
"Sheamus","","","WWE","Modern"
"Sheamus","","Celtic Warrior","WWE","Modern"
"Shelton","Benjamin","","WWE","Modern"
"Shelton","Benjamin","The Gold Standard","WWE","Modern"
"Shinsuke","Nakamura","","WWE","Modern"
"Show","Big","","WWE","Modern"
"Show","Big","World's Largest","WWE","Modern"
"Sin","Cara","","WWE","Modern"
"Sin","Cara","The Mystical","WWE","Modern"
"Slater","Heath","","WWE","Modern"
"Steve","Austin","","WWE","Modern"
"Steve","Austin","Stone Cold","WWE","Modern"
"Strowman","Braun","","WWE","Modern"
"Styles","A.J.","","WWE","Modern"
"Styles","A.J.","The Phenomenal One","WWE","Modern"
"T","Booker","","WWE","Modern"
"taker","The Under","","WWE","Modern"
"taker","The Under","The Phenom","WWE","Modern"
"taker","Tsundere","","WWE","Modern"
"taker","Under","","WWE","Modern"
"The","Undertaker","","WWE","Modern"
"The","Undertaker","The Deadman","WWE","Modern"
"The","Undertaker","The Phenom","WWE","Modern"
"The Miz","","","WWE","Modern"
"The Miz","","The A-Lister","WWE","Modern"
"The Miz","","The Miz","WWE","Modern"
"The Under","taker","","WWE","Modern"
"Titus","O'Neil","","WWE","Modern"
"Titus","O'Neil","The Real Deal","WWE","Modern"
"Triple H","","","WWE","Modern"
"Triple H","","The Game","WWE","Modern"
"Truth","R-","","WWE","Modern"
"Truth","R-","What's Up?","WWE","Modern"
"Tsundere","taker","","WWE","Modern"
"Tsundere","taker","Undead Waifu","WWE","Modern"
"Tye","Dillinger","","WWE","Modern"
"Tye","Dillinger","Perfect 10","WWE","Modern"
"Tyler","Breeze","","WWE","Modern"
"Tyler","Breeze","Master of Disguise","WWE","Modern"
"Under","taker","","WWE","Modern"
"Under","taker","The Deadman","WWE","Modern"
"Undertaker","The","","WWE","Modern"
"Uso","Jey","","WWE","Modern"
"Uso","Jimmy","","WWE","Modern"
"v","Ruse","","WWE","Modern"
"Vince","McMahon","","WWE","Modern"
"Vince","McMahon","Mr. McMahon","WWE","Modern"
"Vince","McMahon","Vince McMahon","WWE","Modern"
"Wilder","Dash","","WWE","Modern"
"Woods","Xavier","","WWE","Modern"
"Wyatt","Bray","","WWE","Modern"
"Xavier","Woods","","WWE","Modern"
"Xavier","Woods","The New Day","WWE","Modern"
"Zack","Ryder","","WWE","Modern"
"Zayn","Sami","","WWE","Modern"
"Ziggler","Dolph","","WWE","Modern"
"Ziggler","Dolph","The Showoff","WWE","Modern"
"","Carmella","","WWE","Modern F"
"","Emma","","WWE","Modern F"
"","Lana","","WWE","Modern F"
"","Maryse","","WWE","Modern F"
"","Naomi","","WWE","Modern F"
"","Tamina","","WWE","Modern F"
"Alexa","Bliss","","WWE","Modern F"
"Alexa","Bliss","Little Miss Bliss","WWE","Modern F"
"Alexa","Bliss","The Goddess","WWE","Modern F"
"Alicia","Fox","","WWE","Modern F"
"Alicia","Fox","Crazy","WWE","Modern F"
"Banks","Sasha","","WWE","Modern F"
"Bay","ley","","WWE","Modern F"
"Bay","ley","Bayley","WWE","Modern F"
"Becky","Lynch","","WWE","Modern F"
"Becky","Lynch","The Lass Kicker","WWE","Modern F"
"Bella","Nikki","","WWE","Modern F"
"Bliss","Alexa","","WWE","Modern F"
"Brooke","Dana","","WWE","Modern F"
"Carmella","","","WWE","Modern F"
"Carmella","","The Princess","WWE","Modern F"
"Charlotte","Flair","","WWE","Modern F"
"Dana","Brooke","","WWE","Modern F"
"Dana","Brooke","Dana Brooke","WWE","Modern F"
"Emma","","","WWE","Modern F"
"Flair","Charlotte","","WWE","Modern F"
"Flair","Charlotte","The Queen","WWE","Modern F"
"Fox","Alicia","","WWE","Modern F"
"Jax","Nia","","WWE","Modern F"
"Lana","","","WWE","Modern F"
"Lana","","Ravishing Russian","WWE","Modern F"
"ley","Bay","","WWE","Modern F"
"Lynch","Becky","","WWE","Modern F"
"Maryse","","","WWE","Modern F"
"Mcmahon","Steph","","WWE","Modern F"
"Naomi","","","WWE","Modern F"
"Naomi","","Naomi","WWE","Modern F"
"Natalya","Neidhart","","WWE","Modern F"
"Natalya","Neidhart","Natalya","WWE","Modern F"
"Neidhart","Natalya","","WWE","Modern F"
"Nia","Jax","","WWE","Modern F"
"Nia","Jax","Nia Jax","WWE","Modern F"
"Nia","Jax","The Hybrid Athlete","WWE","Modern F"
"Nikki","Bella","","WWE","Modern F"
"Nikki","Bella","Nicole","WWE","Modern F"
"Sasha","Banks","","WWE","Modern F"
"Sasha","Banks","The Boss","WWE","Modern F"
"Steph","Mcmahon","","WWE","Modern F"
"Steph","Mcmahon",".","WWE","Modern F"
"Stratus","Trish","","WWE","Modern F"
"Tamina","","","WWE","Modern F"
"Trish","Stratus","","WWE","Modern F"
"","Rezar","","WWE","NXT"
"Aleister","Black","","WWE","NXT"
"Aleister","Black","Anti-Hero","WWE","NXT"
"Aleister","Black","The Anti-Hero","WWE","NXT"
"Alexande","r Wolfe","","WWE","NXT"
"Alexande","r Wolfe","SAnitY","WWE","NXT"
"Alexander","Wolfe","","WWE","NXT"
"Andrade","Cien Almas","","WWE","NXT"
"Andrade","Cien Almas","El Idolo","WWE","NXT"
"Axel","Dieter Jr.","","WWE","NXT"
"Axel","Dieter Jr.","Axel Dieter","WWE","NXT"
"Billie","Kay","","WWE","NXT"
"Billie","Kay","Femme Fatale","WWE","NXT"
"Black","Aleister","","WWE","NXT"
"Bobby","Roode","","WWE","NXT"
"Bobby","Roode","Glorious","WWE","NXT"
"Ciampa","Tommaso","","WWE","NXT"
"Cien Almas","Andrade","","WWE","NXT"
"Dieter Jr.","Axel","","WWE","NXT"
"Dozovic","Otis","","WWE","NXT"
"Dream","Velveteen","","WWE","NXT"
"Dream","Velveteen","The Experience","WWE","NXT"
"Ellering","Paul","","WWE","NXT"
"Eric","Young","","WWE","NXT"
"Eric","Young","SAnitY Leader","WWE","NXT"
"Gargano","Johnny","","WWE","NXT"
"Hideo","Itami","","WWE","NXT"
"Itami","Hideo","","WWE","NXT"
"Johnny","Gargano","","WWE","NXT"
"Johnny","Gargano","All Heart","WWE","NXT"
"Jose","No Way","","WWE","NXT"
"Jose","No Way","No Way!","WWE","NXT"
"Kassius","Ohno","","WWE","NXT"
"Kassius","Ohno","Knockout Artist","WWE","NXT"
"Kay","Billie","","WWE","NXT"
"No Way","Jose","","WWE","NXT"
"Ohno","Kassius","","WWE","NXT"
"Otis","Dozovic","","WWE","NXT"
"Otis","Dozovic","Heavy Machinery","WWE","NXT"
"Paul","Ellering","","WWE","NXT"
"Paul","Ellering","Precious","WWE","NXT"
"r Wolfe","Alexande","","WWE","NXT"
"Rezar","","","WWE","NXT"
"Rezar","","Author of Pain","WWE","NXT"
"Roode","Bobby","","WWE","NXT"
"Tommaso","Ciampa","","WWE","NXT"
"Tommaso","Ciampa","Psycho Killer","WWE","NXT"
"Tommaso","Ciampa","The Psycho Killer","WWE","NXT"
"Velveteen","Dream","","WWE","NXT"
"Wolfe","Alexander","","WWE","NXT"
"Wolfe","Alexander","Axe Man","WWE","NXT"
"Young","Eric","","WWE","NXT"
"","Asuka","","WWE","NXT F"
"Asuka","","","WWE","NXT F"
"Asuka","","Empress Of Tomorrow","WWE","NXT F"
"Billie","Kay","","WWE","NXT F"
"Cross","Nikki","","WWE","NXT F"
"Ember","Moon","","WWE","NXT F"
"Ember","Moon","Ember Moon","WWE","NXT F"
"Kay","Billie","","WWE","NXT F"
"Moon","Ember","","WWE","NXT F"
"Nikki","Cross","","WWE","NXT F"
"Nikki","Cross","Nikki Cross","WWE","NXT F"
"Peyton","Royce","","WWE","NXT F"
"Royce","Peyton","","WWE","NXT F"
"AJ","Styles","","WWE","Roster"
"Angle","Kurt","","WWE","Roster"
"John","Layfield","","WWE","Roster"
"John","Layfield","Bradshaw","WWE","Roster"
"Kurt","Angle","","WWE","Roster"
"Kurt","Angle","Wrestling Machine","WWE","Roster"
"Layfield","John","","WWE","Roster"
"Regal","Steve","","WWE","Roster"
"Steve","Regal","","WWE","Roster"
"Styles","AJ","","WWE","Roster"
"Styles","AJ","The Phenomenal","WWE","Roster"
"Andrews","Mark","","WWE","UK"
"Andrews","Mark","White Lightning","WWE","UK"
"Bate","Tyler","","WWE","UK"
"Dunne","Pete","","WWE","UK"
"Gallagher","Jack","","WWE","UK"
"Jack","Gallagher","","WWE","UK"
"Jack","Gallagher","Gentleman","WWE","UK"
"Mark","Andrews","","WWE","UK"
"Pete","Dunne","","WWE","UK"
"Pete","Dunne","Bruiserweight","WWE","UK"
"Pete","Dunne","Pete Dunne","WWE","UK"
"Tyler","Bate","","WWE","UK
"Mortis","","","WCW","Roster"
"","Mortis","","WCW","Roster"
"The","Disciple","","WCW","Roster"
"Disciple","The","","WCW","Roster"
"The Desciple","","","WCW","Roster"
"","The Desciple","","WCW","Roster"
"Ralphus","","","WCW","Roster"
"","Ralphus","","WCW","Roster"
"Reese","","","WCW","Roster"
"","Reese","","WCW","Roster"
"Skinner","","","WWE","Legacy"
"","Skinner","","WWE","Legacy"
"Saturn","","","WCW","Roster"
"","Saturn","","WCW","Roster"
"Tatanka","","","WWE","Legacy"
"","Tatanka","","WWE","Legacy"
"Wrath","","","WCW","Roster"
"","Wrath","","WCW","Roster"
"Marty","Jannetty","","WWE","Legacy"
"Jannetty","Marty","","WWE","Legacy"
"Grunge","Johnny","","ECW","Roster"
"Johnny","Grunge","","ECW","Roster"
"James","Vandenberg","","WCW","Roster"
"Vandenberg","James","","WCW","Roster"
"Bob","Backlund","","WWE","Legacy"
"Backlund","Bob","","WWE","Legacy"
"Koko B.","Ware","","WWE","Legacy"
"Koko B","Ware","","WWE","Legacy"
"Koko","B. Ware","","WWE","Legacy"
"Koko","B Ware","","WWE","Legacy"
"Ware","Koko B.","","WWE","Legacy"
"Ware","Koko B","","WWE","Legacy"
"B. Ware","Koko","","WWE","Legacy"
"B Ware","Koko","","WWE","Legacy"
"Kona","Crush","","WWE","Legacy"
"Crush","Kona","","WWE","Legacy"
"Rock","Rocco","","ECW","Roster"
"Rocco","Rock","","ECW","Roster"
"Scotty","Riggs","","WCW","Roster"
"Riggs","Scotty","","WCW","Roster"
"Sick","Boy","","WCW","Roster"
"Boy","Sick","","WCW","Roster"